Band Number,Disposition,Species,Common Name,Age,Sex,Month,Day,Year,Bird Status,Bander ID,Location,How Captured,Wing Chord,Bird Weight,Tarsus Length,Culmen Length,Bill Width,Bill Height,Transmitter Affixed,Cloacal Swab,Blood Sample Taken,AI Sample #,Mercury Sample ID,Capture Time,Transmitter ID,Aux Marker Type,Season
2197-85356,1,GWFG,Greater White-fronted Goose,AHY,F,9,24,2019,380,AM,DELNWR,Rocket Net,405,1992,69.91,49.46,22.5,23.38,Y,N,N,NA,NA,14:00,182102,80F,Fall
2197-85357,1,GWFG,Greater White-fronted Goose,HY,F,9,24,2019,300,AM,DELNWR,Rocket Net,406,1970,70.03,48.03,23.2,23.43,N,N,N,NA,NA,14:00,,,Fall
2197-85358,1,GWFG,Greater White-fronted Goose,HY,M,9,24,2019,300,AM,DELNWR,Rocket Net,394,1892,74.43,51.07,22.19,24,N,N,N,NA,NA,14:00,,,Fall
2197-85359,1,GWFG,Greater White-fronted Goose,AHY,F,9,24,2019,380,AM,DELNWR,Rocket Net,406,2090,73.26,48.94,24.9,23.74,Y,N,N,NA,NA,14:00,192592,80F,Fall
2197-85360,1,GWFG,Greater White-fronted Goose,AHY,M,9,24,2019,300,AM,DELNWR,Rocket Net,443,2336,76.45,52.3,23.91,24.62,N,N,N,NA,NA,14:00,,,Fall
2197-85361,1,GWFG,Greater White-fronted Goose,AHY,M,9,24,2019,300,AM,DELNWR,Rocket Net,409,1902,73.82,52.73,23.05,25.31,N,N,N,NA,NA,14:00,,,Fall
2197-85362,1,GWFG,Greater White-fronted Goose,AHY,M,9,24,2019,300,AM,DELNWR,Rocket Net,446,2528,76.59,54.85,25.31,24.84,N,N,N,NA,NA,14:00,,,Fall
2197-85363,1,GWFG,Greater White-fronted Goose,AHY,M,9,24,2019,300,AM,DELNWR,Rocket Net,443,2276,73.76,50.12,25.04,25.11,N,N,N,NA,NA,14:00,,,Fall
2197-85364,1,GWFG,Greater White-fronted Goose,AHY,M,9,24,2019,300,AM,DELNWR,Rocket Net,441,2184,75.48,47.41,24.21,24.24,N,N,N,NA,NA,14:00,,,Fall
2197-85365,1,GWFG,Greater White-fronted Goose,AHY,F,9,24,2019,300,AM,DELNWR,Rocket Net,398,1970,70.9,45.7,23.91,23,N,N,N,NA,NA,14:00,,,Fall
2197-85366,1,GWFG,Greater White-fronted Goose,AHY,M,9,24,2019,300,AM,DELNWR,Rocket Net,427,2078,73.71,50.21,25.18,24.88,N,N,N,NA,NA,14:00,,,Fall
2197-85367,1,GWFG,Greater White-fronted Goose,AHY,M,9,24,2019,300,AM,DELNWR,Rocket Net,441,2134,76.56,48.55,23.92,23.24,N,N,N,NA,NA,14:00,,,Fall
2197-85368,1,GWFG,Greater White-fronted Goose,AHY,M,9,24,2019,300,AM,DELNWR,Rocket Net,440,2140,75.73,49.01,25.56,23.83,N,N,N,NA,NA,14:00,,,Fall
2197-85369,1,GWFG,Greater White-fronted Goose,AHY,M,9,24,2019,300,AM,DELNWR,Rocket Net,440,1902,70.69,47.77,23.39,23.79,N,N,N,NA,NA,14:00,,,Fall
2197-85370,1,GWFG,Greater White-fronted Goose,AHY,F,9,24,2019,380,AM,DELNWR,Rocket Net,421,1986,70.26,44.58,23.87,23.21,Y,N,N,NA,NA,14:00,192593,80F,Fall
2197-85371,1,GWFG,Greater White-fronted Goose,AHY,F,9,24,2019,380,AM,DELNWR,Rocket Net,400,1982,70.73,50.06,22.31,21.58,Y,N,N,NA,NA,14:00,180951,80F,Fall
2197-85372,1,GWFG,Greater White-fronted Goose,AHY,F,9,24,2019,380,AM,DELNWR,Rocket Net,426,2142,74.99,49.52,23.64,23.15,Y,N,N,NA,NA,14:00,180933,80F,Fall
2197-85373,1,GWFG,Greater White-fronted Goose,AHY,F,9,24,2019,300,AM,DELNWR,Rocket Net,408,1770,67.16,46.68,21.75,22.3,N,N,N,NA,NA,14:00,,,Fall
2197-85374,1,GWFG,Greater White-fronted Goose,AHY,M,9,24,2019,300,AM,DELNWR,Rocket Net,430,1914,72.36,49.86,24.62,24.63,N,N,N,NA,NA,14:00,,,Fall
2197-85375,1,GWFG,Greater White-fronted Goose,AHY,M,9,24,2019,300,AM,DELNWR,Rocket Net,400,2068,75.67,52.22,23.81,23.99,N,N,N,NA,NA,14:00,,,Fall
2197-85376,1,GWFG,Greater White-fronted Goose,AHY,M,9,24,2019,300,AM,DELNWR,Rocket Net,405,2068,68.76,46.88,23.29,21.16,N,N,N,NA,NA,14:00,,,Fall
2197-85377,1,GWFG,Greater White-fronted Goose,AHY,M,9,24,2019,300,AM,DELNWR,Rocket Net,400,1980,70.09,51.18,24.76,25.17,N,N,N,NA,NA,14:00,,,Fall
2197-85378,1,GWFG,Greater White-fronted Goose,AHY,M,9,24,2019,300,AM,DELNWR,Rocket Net,436,2356,73.72,49.9,26.03,26.15,N,N,N,NA,NA,14:00,,,Fall
2197-85379,1,GWFG,Greater White-fronted Goose,AHY,M,9,24,2019,300,AM,DELNWR,Rocket Net,451,2340,75.24,53.42,25.41,26.54,N,N,N,NA,NA,14:00,,,Fall
2197-85380,1,GWFG,Greater White-fronted Goose,AHY,F,9,24,2019,300,AM,DELNWR,Rocket Net,436,1922,71.7,50.89,24.04,24.45,N,N,N,NA,NA,14:00,,,Fall
2197-85381,1,GWFG,Greater White-fronted Goose,AHY,M,9,24,2019,300,AM,DELNWR,Rocket Net,NA,NA,NA,NA,NA,NA,N,N,N,NA,NA,14:00,,,Fall
2197-85382,1,GWFG,Greater White-fronted Goose,AHY,M,9,24,2019,300,AM,DELNWR,Rocket Net,NA,NA,NA,NA,NA,NA,N,N,N,NA,NA,14:00,,,Fall
2197-85383,1,GWFG,Greater White-fronted Goose,AHY,F,9,24,2019,300,AM,DELNWR,Rocket Net,NA,NA,NA,NA,NA,NA,N,N,N,NA,NA,14:00,,,Fall
2197-85384,1,GWFG,Greater White-fronted Goose,AHY,M,9,24,2019,300,AM,DELNWR,Rocket Net,NA,NA,NA,NA,NA,NA,N,N,N,NA,NA,14:00,,,Fall
2197-85385,1,GWFG,Greater White-fronted Goose,AHY,F,9,24,2019,300,AM,DELNWR,Rocket Net,NA,NA,NA,NA,NA,NA,N,N,N,NA,NA,14:00,,,Fall
2197-85386,1,GWFG,Greater White-fronted Goose,AHY,F,9,24,2019,300,AM,DELNWR,Rocket Net,NA,NA,NA,NA,NA,NA,N,N,N,NA,NA,14:00,,,Fall
2197-85387,1,GWFG,Greater White-fronted Goose,AHY,M,9,24,2019,300,AM,DELNWR,Rocket Net,NA,NA,NA,NA,NA,NA,N,N,N,NA,NA,14:00,,,Fall
2197-85388,1,GWFG,Greater White-fronted Goose,AHY,M,9,24,2019,300,AM,DELNWR,Rocket Net,NA,NA,NA,NA,NA,NA,N,N,N,NA,NA,14:00,,,Fall
2197-85389,1,GWFG,Greater White-fronted Goose,AHY,M,9,24,2019,300,AM,DELNWR,Rocket Net,NA,NA,NA,NA,NA,NA,N,N,N,NA,NA,14:00,,,Fall
2197-85390,1,GWFG,Greater White-fronted Goose,HY,F,9,24,2019,300,AM,DELNWR,Rocket Net,NA,NA,NA,NA,NA,NA,N,N,N,NA,NA,14:00,,,Fall
2197-85391,1,GWFG,Greater White-fronted Goose,AHY,F,9,24,2019,300,AM,DELNWR,Rocket Net,NA,NA,NA,NA,NA,NA,N,N,N,NA,NA,14:00,,,Fall
2197-85392,1,GWFG,Greater White-fronted Goose,AHY,F,9,24,2019,300,AM,DELNWR,Rocket Net,NA,NA,NA,NA,NA,NA,N,N,N,NA,NA,14:00,,,Fall
2197-85393,1,GWFG,Greater White-fronted Goose,AHY,F,9,24,2019,300,AM,DELNWR,Rocket Net,NA,NA,NA,NA,NA,NA,N,N,N,NA,NA,14:00,,,Fall
2197-85394,1,GWFG,Greater White-fronted Goose,AHY,F,9,24,2019,300,AM,DELNWR,Rocket Net,NA,NA,NA,NA,NA,NA,N,N,N,NA,NA,14:00,,,Fall
2197-85395,1,GWFG,Greater White-fronted Goose,AHY,M,9,24,2019,300,AM,DELNWR,Rocket Net,NA,NA,NA,NA,NA,NA,N,N,N,NA,NA,14:00,,,Fall
2197-85396,1,GWFG,Greater White-fronted Goose,AHY,F,9,24,2019,300,AM,DELNWR,Rocket Net,NA,NA,NA,NA,NA,NA,N,N,N,NA,NA,14:00,,,Fall
2197-85397,1,GWFG,Greater White-fronted Goose,AHY,F,9,24,2019,300,AM,DELNWR,Rocket Net,NA,NA,NA,NA,NA,NA,N,N,N,NA,NA,14:00,,,Fall
2197-85398,1,GWFG,Greater White-fronted Goose,AHY,M,9,24,2019,300,AM,DELNWR,Rocket Net,NA,NA,NA,NA,NA,NA,N,N,N,NA,NA,14:00,,,Fall
2197-85399,1,GWFG,Greater White-fronted Goose,AHY,F,9,24,2019,300,AM,DELNWR,Rocket Net,NA,NA,NA,NA,NA,NA,N,N,N,NA,NA,14:00,,,Fall
2197-85400,1,GWFG,Greater White-fronted Goose,AHY,M,9,24,2019,300,AM,DELNWR,Rocket Net,NA,NA,NA,NA,NA,NA,N,N,N,NA,NA,14:00,,,Fall
2197-85401,1,GWFG,Greater White-fronted Goose,AHY,M,9,28,2019,300,AM,SACNWR,Rocket Net,418,2074,73.04,51.11,NA,NA,N,N,N,NA,NA,14:00,,,Fall
2197-85402,1,GWFG,Greater White-fronted Goose,AHY,M,9,28,2019,300,AM,SACNWR,Rocket Net,410,2052,70.45,45.55,NA,NA,N,N,N,NA,NA,14:00,,,Fall
2197-85403,1,GWFG,Greater White-fronted Goose,AHY,F,9,28,2019,300,AM,SACNWR,Rocket Net,404,1828,65.14,46.07,NA,NA,N,N,N,NA,NA,14:00,,,Fall
2197-85404,1,GWFG,Greater White-fronted Goose,AHY,F,9,28,2019,300,AM,SACNWR,Rocket Net,403,1750,65.9,47.92,NA,NA,N,N,N,NA,NA,14:00,,,Fall
2197-85405,1,GWFG,Greater White-fronted Goose,AHY,F,9,28,2019,300,AM,SACNWR,Rocket Net,405,1846,71.45,51.07,NA,NA,N,N,N,NA,NA,14:00,,,Fall
2197-85406,1,GWFG,Greater White-fronted Goose,AHY,F,9,28,2019,300,AM,SACNWR,Rocket Net,395,1766,68.42,42.74,NA,NA,N,N,N,NA,NA,14:00,,,Fall
2197-85407,1,GWFG,Greater White-fronted Goose,AHY,F,9,28,2019,300,AM,SACNWR,Rocket Net,410,1704,68,46.05,NA,NA,N,N,N,NA,NA,14:00,,,Fall
2197-85408,1,GWFG,Greater White-fronted Goose,AHY,F,9,28,2019,300,AM,SACNWR,Rocket Net,411,1802,69.97,49.39,NA,NA,N,N,N,NA,NA,14:00,,,Fall
2197-85409,1,GWFG,Greater White-fronted Goose,AHY,M,9,28,2019,300,AM,SACNWR,Rocket Net,442,2054,74.03,52.07,NA,NA,N,N,N,NA,NA,14:00,,,Fall
2197-85410,1,GWFG,Greater White-fronted Goose,AHY,F,9,28,2019,300,AM,SACNWR,Rocket Net,390,1804,64.69,45.11,NA,NA,N,N,N,NA,NA,14:00,,,Fall
2197-85411,1,GWFG,Greater White-fronted Goose,AHY,M,9,28,2019,300,AM,SACNWR,Rocket Net,425,1946,71.23,50.19,NA,NA,N,N,N,NA,NA,14:00,,,Fall
2197-85412,1,GWFG,Greater White-fronted Goose,AHY,F,9,28,2019,300,AM,SACNWR,Rocket Net,393,1660,64.16,45.81,NA,NA,N,N,N,NA,NA,14:00,,,Fall
2197-85413,1,GWFG,Greater White-fronted Goose,AHY,M,9,28,2019,300,AM,SACNWR,Rocket Net,433,2114,73.27,49.13,NA,NA,N,N,N,NA,NA,14:00,,,Fall
2197-85414,1,GWFG,Greater White-fronted Goose,AHY,F,9,28,2019,300,AM,SACNWR,Rocket Net,412,2070,72.76,46.6,NA,NA,N,N,N,NA,NA,14:00,,,Fall
2197-85415,1,GWFG,Greater White-fronted Goose,AHY,F,9,28,2019,300,AM,SACNWR,Rocket Net,404,1848,67.76,43.6,NA,NA,N,N,N,NA,NA,14:00,,,Fall
2197-85416,1,GWFG,Greater White-fronted Goose,AHY,M,9,28,2019,300,AM,SACNWR,Rocket Net,431,2236,45.83,52.83,NA,NA,N,N,N,NA,NA,14:00,,,Fall
2197-85417,1,GWFG,Greater White-fronted Goose,AHY,F,9,28,2019,300,AM,SACNWR,Rocket Net,400,1944,71.96,49.86,NA,NA,N,N,N,NA,NA,14:00,,,Fall
2197-85418,1,GWFG,Greater White-fronted Goose,AHY,M,9,28,2019,300,AM,SACNWR,Rocket Net,404,2018,71.11,46.88,NA,NA,N,N,N,NA,NA,14:00,,,Fall
2197-85419,1,GWFG,Greater White-fronted Goose,AHY,M,9,28,2019,300,AM,SACNWR,Rocket Net,439,2520,78.22,55.58,NA,NA,N,N,N,NA,NA,14:00,,,Fall
2197-85420,1,GWFG,Greater White-fronted Goose,AHY,F,9,28,2019,300,AM,SACNWR,Rocket Net,426,1788,67.36,46.36,NA,NA,N,N,N,NA,NA,14:00,,,Fall
2197-85421,1,GWFG,Greater White-fronted Goose,AHY,F,9,28,2019,300,AM,SACNWR,Rocket Net,396,NA,68.36,52.21,NA,NA,N,N,N,NA,NA,14:00,,,Fall
2197-85422,1,GWFG,Greater White-fronted Goose,AHY,F,9,28,2019,300,AM,SACNWR,Rocket Net,403,1868,67.22,46.03,NA,NA,N,N,N,NA,NA,14:00,,,Fall
2197-85423,1,GWFG,Greater White-fronted Goose,AHY,F,9,28,2019,300,AM,SACNWR,Rocket Net,406,1982,73.98,49.11,NA,NA,N,N,N,NA,NA,14:00,,,Fall
2197-85424,1,GWFG,Greater White-fronted Goose,AHY,F,9,28,2019,300,AM,SACNWR,Rocket Net,389,1920,69.66,49.73,NA,NA,N,N,N,NA,NA,14:00,,,Fall
2197-85425,1,GWFG,Greater White-fronted Goose,AHY,F,9,28,2019,300,AM,SACNWR,Rocket Net,423,1930,69.29,47.55,NA,NA,N,N,N,NA,NA,14:00,,,Fall
2197-85426,1,GWFG,Greater White-fronted Goose,AHY,F,9,28,2019,300,AM,SACNWR,Rocket Net,402,2056,67.15,45.65,NA,NA,N,N,N,NA,NA,14:00,,,Fall
2197-85427,1,GWFG,Greater White-fronted Goose,AHY,F,9,28,2019,300,AM,SACNWR,Rocket Net,406,1992,19.93,48.32,NA,NA,N,N,N,NA,NA,14:00,,,Fall
2197-85428,1,GWFG,Greater White-fronted Goose,AHY,F,9,28,2019,300,AM,SACNWR,Rocket Net,412,1876,68.09,46.51,NA,NA,N,N,N,NA,NA,14:00,,,Fall
2197-85429,1,GWFG,Greater White-fronted Goose,AHY,F,9,28,2019,300,AM,SACNWR,Rocket Net,404,1892,66.33,49.9,NA,NA,N,N,N,NA,NA,14:00,,,Fall
2197-85430,1,GWFG,Greater White-fronted Goose,AHY,M,9,28,2019,300,AM,SACNWR,Rocket Net,420,2332,74.26,53.71,NA,NA,N,N,N,NA,NA,14:00,,,Fall
2197-85431,1,GWFG,Greater White-fronted Goose,AHY,M,9,28,2019,300,AM,SACNWR,Rocket Net,425,2264,82.69,52.5,NA,NA,N,N,N,NA,NA,14:00,,,Fall
2197-85432,1,GWFG,Greater White-fronted Goose,AHY,F,9,28,2019,300,AM,SACNWR,Rocket Net,406,1988,73.53,48.25,NA,NA,N,N,N,NA,NA,14:00,,,Fall
2197-85433,1,GWFG,Greater White-fronted Goose,AHY,F,9,28,2019,300,AM,SACNWR,Rocket Net,395,2048,67.09,48.65,NA,NA,N,N,N,NA,NA,14:00,,,Fall
2197-85434,1,GWFG,Greater White-fronted Goose,AHY,M,9,28,2019,300,AM,SACNWR,Rocket Net,425,2130,77.09,39.17,NA,NA,N,N,N,NA,NA,14:00,,,Fall
2197-85435,1,GWFG,Greater White-fronted Goose,AHY,M,9,28,2019,300,AM,SACNWR,Rocket Net,435,2328,75.56,54.29,NA,NA,N,N,N,NA,NA,14:00,,,Fall
2197-85436,1,GWFG,Greater White-fronted Goose,AHY,M,9,28,2019,300,AM,SACNWR,Rocket Net,416,2146,75.1,49.67,NA,NA,N,N,N,NA,NA,14:00,,,Fall
2197-85437,1,GWFG,Greater White-fronted Goose,AHY,F,9,28,2019,300,AM,SACNWR,Rocket Net,395,1980,70.12,50.83,NA,NA,N,N,N,NA,NA,14:00,,,Fall
2197-85438,1,GWFG,Greater White-fronted Goose,AHY,F,9,28,2019,300,AM,SACNWR,Rocket Net,404,1866,65.25,43.9,NA,NA,N,N,N,NA,NA,14:00,,,Fall
2197-85439,1,GWFG,Greater White-fronted Goose,AHY,F,9,28,2019,300,AM,SACNWR,Rocket Net,397,1876,70.46,46.07,NA,NA,N,N,N,NA,NA,14:00,,,Fall
2197-85440,1,GWFG,Greater White-fronted Goose,AHY,F,9,28,2019,300,AM,SACNWR,Rocket Net,405,1990,67.4,46.12,NA,NA,N,N,N,NA,NA,14:00,,,Fall
2197-85441,1,GWFG,Greater White-fronted Goose,AHY,M,9,28,2019,300,AM,SACNWR,Rocket Net,421,2170,72.31,50.82,NA,NA,N,N,N,NA,NA,14:00,,,Fall
2197-85442,1,GWFG,Greater White-fronted Goose,HY,F,9,28,2019,300,AM,SACNWR,Rocket Net,485,1854,71.36,49.8,NA,NA,N,N,N,NA,NA,14:00,,,Fall
2197-85443,1,GWFG,Greater White-fronted Goose,AHY,M,9,28,2019,300,AM,SACNWR,Rocket Net,412,2310,70.74,51.51,NA,NA,N,N,N,NA,NA,14:00,,,Fall
2197-85444,1,GWFG,Greater White-fronted Goose,AHY,M,9,28,2019,300,AM,SACNWR,Rocket Net,420,2149,74.46,48.03,NA,NA,N,N,N,NA,NA,14:00,,,Fall
2197-85445,1,GWFG,Greater White-fronted Goose,AHY,F,9,28,2019,300,AM,SACNWR,Rocket Net,390,2006,70.45,45.93,NA,NA,N,N,N,NA,NA,14:00,,,Fall
2197-85446,1,GWFG,Greater White-fronted Goose,AHY,F,9,28,2019,300,AM,SACNWR,Rocket Net,430,2250,74.81,51.14,NA,NA,N,N,N,NA,NA,14:00,,,Fall
2197-85447,1,GWFG,Greater White-fronted Goose,AHY,M,9,28,2019,300,AM,SACNWR,Rocket Net,423,2204,77.8,51.82,NA,NA,N,N,N,NA,NA,14:00,,,Fall
2197-85448,1,GWFG,Greater White-fronted Goose,AHY,M,9,28,2019,300,AM,SACNWR,Rocket Net,406,1822,69.44,49,NA,NA,N,N,N,NA,NA,14:00,,,Fall
2197-85449,1,GWFG,Greater White-fronted Goose,AHY,M,9,28,2019,300,AM,SACNWR,Rocket Net,417,2150,73.55,50.34,NA,NA,N,N,N,NA,NA,14:00,,,Fall
2197-85450,1,GWFG,Greater White-fronted Goose,AHY,F,9,28,2019,300,AM,SACNWR,Rocket Net,439,2076,75.78,45.86,NA,NA,N,N,N,NA,NA,14:00,,,Fall
2197-85451,1,GWFG,Greater White-fronted Goose,AHY,F,9,28,2019,300,AM,SACNWR,Rocket Net,404,1944,74.27,51.5,NA,NA,N,N,N,NA,NA,14:00,,,Fall
2197-85452,1,GWFG,Greater White-fronted Goose,AHY,M,9,28,2019,300,AM,SACNWR,Rocket Net,413,1940,66.38,48.03,NA,NA,N,N,N,NA,NA,14:00,,,Fall
2197-85453,1,GWFG,Greater White-fronted Goose,AHY,F,9,28,2019,300,AM,SACNWR,Rocket Net,406,2236,70.91,50.33,NA,NA,N,N,N,NA,NA,14:00,,,Fall
2197-85454,1,GWFG,Greater White-fronted Goose,AHY,F,9,28,2019,300,AM,SACNWR,Rocket Net,426,2118,72.53,50.25,NA,NA,N,N,N,NA,NA,14:00,,,Fall
2197-85455,1,GWFG,Greater White-fronted Goose,AHY,F,9,28,2019,300,AM,SACNWR,Rocket Net,412,1860,69.64,48.69,NA,NA,N,N,N,NA,NA,14:00,,,Fall
2197-85456,1,GWFG,Greater White-fronted Goose,AHY,F,9,28,2019,300,AM,SACNWR,Rocket Net,404,1934,70.27,48.08,NA,NA,N,N,N,NA,NA,14:00,,,Fall
2197-85457,1,GWFG,Greater White-fronted Goose,AHY,M,9,28,2019,300,AM,SACNWR,Rocket Net,405,1998,72.4,51.84,NA,NA,N,N,N,NA,NA,14:00,,,Fall
2197-85458,1,GWFG,Greater White-fronted Goose,AHY,M,9,28,2019,300,AM,SACNWR,Rocket Net,439,2264,78.95,49.14,NA,NA,N,N,N,NA,NA,14:00,,,Fall
2197-85459,1,GWFG,Greater White-fronted Goose,AHY,F,9,28,2019,300,AM,SACNWR,Rocket Net,400,1712,68.4,51.03,NA,NA,N,N,N,NA,NA,14:00,,,Fall
2197-85460,1,GWFG,Greater White-fronted Goose,AHY,M,9,28,2019,300,AM,SACNWR,Rocket Net,416,2206,76.62,53.84,NA,NA,N,N,N,NA,NA,14:00,,,Fall
2197-85461,1,GWFG,Greater White-fronted Goose,AHY,M,9,28,2019,300,AM,SACNWR,Rocket Net,418,2106,76.79,49.96,NA,NA,N,N,N,NA,NA,14:00,,,Fall
2197-85462,1,GWFG,Greater White-fronted Goose,AHY,F,9,28,2019,300,AM,SACNWR,Rocket Net,395,1754,65.36,43.28,NA,NA,N,N,N,NA,NA,14:00,,,Fall
2197-85463,1,GWFG,Greater White-fronted Goose,AHY,F,9,28,2019,300,AM,SACNWR,Rocket Net,442,2032,73.43,49.5,NA,NA,N,N,N,NA,NA,14:00,,,Fall
2197-85464,1,GWFG,Greater White-fronted Goose,AHY,F,9,28,2019,300,AM,SACNWR,Rocket Net,378,1804,67.14,46.21,NA,NA,N,N,N,NA,NA,14:00,,,Fall
2197-87651,1,GWFG,Greater White-fronted Goose,AHY,M,9,22,2019,300,AM,DELNWR,Rocket Net,431,2308,78.94,50.59,NA,NA,N,N,N,NA,NA,14:00,,,Fall
2197-87652,1,GWFG,Greater White-fronted Goose,AHY,F,9,22,2019,300,AM,DELNWR,Rocket Net,403,2074,67.62,48.48,NA,NA,N,N,N,NA,NA,14:00,,,Fall
2197-87653,1,GWFG,Greater White-fronted Goose,AHY,F,9,22,2019,300,AM,DELNWR,Rocket Net,399,2020,72.99,50.62,NA,NA,N,N,N,NA,NA,14:00,,,Fall
1148-93364,1,TWFG,Tule White-fronted Goose,AHY,F,9,14,2019,380,AM,SLWA,Rocket Net,450,2500,77.95,53.2,26.9,21.1,Y,N,N,NA,NA,15:38,192587,80F,Fall
1148-93369,1,TWFG,Tule White-fronted Goose,AHY,F,9,14,2019,380,AM,SLWA,Rocket Net,441,2600,81.12,59.1,26.3,25,Y,N,N,NA,NA,15:38,192588,80F,Fall
1148-93372,1,TWFG,Tule White-fronted Goose,AHY,M,9,14,2019,380,AM,SLWA,Rocket Net,452,2450,82.57,54.7,24.4,28.9,Y,N,N,NA,NA,15:38,171610,80F,Fall
1148-93391,1,TWFG,Tule White-fronted Goose,AHY,F,9,17,2019,380,AM,SLWA,Rocket Net,433,2400,82.31,57.2,26.3,27.2,Y,N,N,NA,NA,14:50,192589,80F,Fall
1148-93384,1,TWFG,Tule White-fronted Goose,AHY,M,9,17,2019,380,AM,SLWA,Rocket Net,464,2550,84.95,59.5,26.8,25.1,Y,N,N,NA,NA,14:50,171613,80F,Fall
1208-65923,1,TWFG,Tule White-fronted Goose,AHY,F,9,18,2019,380,AM,SLWA,Rocket Net,450,2300,75.05,56.8,25.5,25.9,Y,N,N,NA,NA,15:45,192590,80F,Fall
1208-65924,1,TWFG,Tule White-fronted Goose,AHY,F,9,18,2019,380,AM,SLWA,Rocket Net,441,2400,77.85,54.2,25.3,25.5,Y,N,N,NA,NA,15:45,182591,80F,Fall
1208-65501,1,TWFG,Tule White-fronted Goose,AHY,M,9,20,2019,300,AM,DELNWR,Rocket Net,469,3188,87.85,57.27,28.88,28.5,N,N,N,NA,NA,16:30,,,Fall
1208-65502,1,TWFG,Tule White-fronted Goose,HY,F,9,20,2019,300,AM,DELNWR,Rocket Net,432,2654,81.37,55,26.92,26.86,N,N,N,NA,NA,16:30,,,Fall
1208-65503,1,TWFG,Tule White-fronted Goose,AHY,M,9,20,2019,300,AM,DELNWR,Rocket Net,457,2884,87.85,57.27,27.56,26.7,N,N,N,NA,NA,16:30,,,Fall
1208-65504,1,TWFG,Tule White-fronted Goose,AHY,M,9,20,2019,300,AM,DELNWR,Rocket Net,440,2460,83.38,56.11,26.28,25.88,N,N,N,NA,NA,16:30,,,Fall
2197-85251,1,LSGO,Lesser Snow Goose,SY,M,2,12,2019,300,JK,GLWA,Rocket Net,444,1776,NA,NA,NA,NA,N,N,N,NA,NA,15:00,,,Spring
2197-85252,1,LSGO,Lesser Snow Goose,SY,F,2,12,2019,300,JK,GLWA,Rocket Net,403,1852,NA,NA,NA,NA,N,N,N,NA,NA,15:00,,,Spring
2197-85253,1,LSGO,Lesser Snow Goose,SY,F,2,12,2019,300,JK,GLWA,Rocket Net,408,2038,NA,NA,NA,NA,N,N,N,NA,NA,15:00,,,Spring
2197-85254,1,ROGO,Lesser Snow Goose,ASY,F,2,12,2019,380,JK,GLWA,Rocket Net,360,1274,NA,NA,NA,NA,Y,N,N,NA,NA,15:00,182117,80F,Spring
2197-85255,1,LSGO,Lesser Snow Goose,ASY,F,2,12,2019,380,JK,GLWA,Rocket Net,394,1896,NA,NA,NA,NA,Y,N,N,NA,NA,15:00,182116,80F,Spring
2197-85256,1,LSGO,Lesser Snow Goose,ASY,F,2,12,2019,380,JK,GLWA,Rocket Net,416,2108,NA,NA,NA,NA,Y,N,N,NA,NA,15:00,182110,80F,Spring
2197-85257,1,LSGO,Lesser Snow Goose,ASY,F,2,12,2019,380,JK,GLWA,Rocket Net,425,2110,NA,NA,NA,NA,Y,N,N,NA,NA,15:00,180950,80F,Spring
2197-85258,1,LSGO,Lesser Snow Goose,ASY,F,2,12,2019,380,JK,GLWA,Rocket Net,428,2172,NA,NA,NA,NA,Y,N,N,NA,NA,15:00,182119,80F,Spring
2197-85259,1,LSGO,Lesser Snow Goose,ASY,F,2,12,2019,380,JK,GLWA,Rocket Net,428,2026,NA,NA,NA,NA,Y,N,N,NA,NA,15:00,182128,80F,Spring
2197-85260,1,LSGO,Lesser Snow Goose,ASY,F,2,12,2019,380,JK,GLWA,Rocket Net,406,1856,NA,NA,NA,NA,Y,N,N,NA,NA,15:00,182118,80F,Spring
2197-85261,1,LSGO,Lesser Snow Goose,ASY,F,2,12,2019,380,JK,GLWA,Rocket Net,430,2062,NA,NA,NA,NA,Y,N,N,NA,NA,15:00,180956,80F,Spring
2197-85262,1,LSGO,Lesser Snow Goose,ASY,F,2,12,2019,380,JK,GLWA,Rocket Net,391,1818,NA,NA,NA,NA,Y,N,N,NA,NA,15:00,182129,80F,Spring
2197-85263,1,LSGO,Lesser Snow Goose,ASY,F,2,12,2019,380,JK,GLWA,Rocket Net,412,1764,NA,NA,NA,NA,Y,N,N,NA,NA,15:00,182124,80F,Spring
2197-85264,1,LSGO,Lesser Snow Goose,ASY,F,2,12,2019,380,JK,GLWA,Rocket Net,417,2144,NA,NA,NA,NA,Y,N,N,NA,NA,15:00,182120,80F,Spring
2197-85265,1,LSGO,Lesser Snow Goose,ASY,F,2,12,2019,300,JK,GLWA,Rocket Net,NA,NA,NA,NA,NA,NA,N,N,N,NA,NA,15:00,,,Spring
2197-85266,1,LSGO,Lesser Snow Goose,ASY,F,2,12,2019,300,JK,GLWA,Rocket Net,NA,NA,NA,NA,NA,NA,N,N,N,NA,NA,15:00,,,Spring
2197-85267,1,LSGO,Lesser Snow Goose,ASY,F,2,12,2019,300,JK,GLWA,Rocket Net,NA,NA,NA,NA,NA,NA,N,N,N,NA,NA,15:00,,,Spring
2197-85268,1,LSGO,Lesser Snow Goose,ASY,F,2,12,2019,300,JK,GLWA,Rocket Net,NA,NA,NA,NA,NA,NA,N,N,N,NA,NA,15:00,,,Spring
2197-85269,1,LSGO,Lesser Snow Goose,ASY,F,2,12,2019,300,JK,GLWA,Rocket Net,NA,NA,NA,NA,NA,NA,N,N,N,NA,NA,15:00,,,Spring
2197-85270,1,LSGO,Lesser Snow Goose,ASY,F,2,12,2019,300,JK,GLWA,Rocket Net,NA,NA,NA,NA,NA,NA,N,N,N,NA,NA,15:00,,,Spring
2197-85271,1,LSGO,Lesser Snow Goose,ASY,F,2,12,2019,300,JK,GLWA,Rocket Net,NA,NA,NA,NA,NA,NA,N,N,N,NA,NA,15:00,,,Spring
2197-85272,1,LSGO,Lesser Snow Goose,ASY,F,2,12,2019,300,JK,GLWA,Rocket Net,NA,NA,NA,NA,NA,NA,N,N,N,NA,NA,15:00,,,Spring
2197-85273,1,LSGO,Lesser Snow Goose,ASY,F,2,12,2019,300,JK,GLWA,Rocket Net,NA,NA,NA,NA,NA,NA,N,N,N,NA,NA,15:00,,,Spring
2197-85274,1,LSGO,Lesser Snow Goose,ASY,M,2,12,2019,300,JK,GLWA,Rocket Net,NA,NA,NA,NA,NA,NA,N,N,N,NA,NA,15:00,,,Spring
2197-85275,1,LSGO,Lesser Snow Goose,ASY,M,2,12,2019,300,JK,GLWA,Rocket Net,NA,NA,NA,NA,NA,NA,N,N,N,NA,NA,15:00,,,Spring
2197-85276,1,LSGO,Lesser Snow Goose,ASY,M,2,12,2019,300,JK,GLWA,Rocket Net,NA,NA,NA,NA,NA,NA,N,N,N,NA,NA,15:00,,,Spring
2197-85277,1,LSGO,Lesser Snow Goose,ASY,M,2,12,2019,300,JK,GLWA,Rocket Net,NA,NA,NA,NA,NA,NA,N,N,N,NA,NA,15:00,,,Spring
2197-85278,1,LSGO,Lesser Snow Goose,ASY,M,2,12,2019,300,JK,GLWA,Rocket Net,NA,NA,NA,NA,NA,NA,N,N,N,NA,NA,15:00,,,Spring
2197-85279,1,LSGO,Lesser Snow Goose,ASY,M,2,12,2019,300,JK,GLWA,Rocket Net,NA,NA,NA,NA,NA,NA,N,N,N,NA,NA,15:00,,,Spring
2197-85280,1,LSGO,Lesser Snow Goose,ASY,M,2,12,2019,300,JK,GLWA,Rocket Net,NA,NA,NA,NA,NA,NA,N,N,N,NA,NA,15:00,,,Spring
2197-85281,1,LSGO,Lesser Snow Goose,ASY,M,2,12,2019,300,JK,GLWA,Rocket Net,NA,NA,NA,NA,NA,NA,N,N,N,NA,NA,15:00,,,Spring
2197-85282,1,LSGO,Lesser Snow Goose,ASY,M,2,12,2019,300,JK,GLWA,Rocket Net,NA,NA,NA,NA,NA,NA,N,N,N,NA,NA,15:00,,,Spring
2197-85283,1,LSGO,Lesser Snow Goose,ASY,M,2,12,2019,300,JK,GLWA,Rocket Net,NA,NA,NA,NA,NA,NA,N,N,N,NA,NA,15:00,,,Spring
2197-85284,1,LSGO,Lesser Snow Goose,ASY,M,2,12,2019,300,JK,GLWA,Rocket Net,NA,NA,NA,NA,NA,NA,N,N,N,NA,NA,15:00,,,Spring
2197-85285,1,LSGO,Lesser Snow Goose,ASY,M,2,12,2019,300,JK,GLWA,Rocket Net,NA,NA,NA,NA,NA,NA,N,N,N,NA,NA,15:00,,,Spring
2197-85286,1,LSGO,Lesser Snow Goose,ASY,M,2,12,2019,300,JK,GLWA,Rocket Net,NA,NA,NA,NA,NA,NA,N,N,N,NA,NA,15:00,,,Spring
2197-85287,1,LSGO,Lesser Snow Goose,ASY,M,2,12,2019,300,JK,GLWA,Rocket Net,NA,NA,NA,NA,NA,NA,N,N,N,NA,NA,15:00,,,Spring
2197-85288,1,LSGO,Lesser Snow Goose,ASY,M,2,12,2019,300,JK,GLWA,Rocket Net,NA,NA,NA,NA,NA,NA,N,N,N,NA,NA,15:00,,,Spring
2197-85289,1,LSGO,Lesser Snow Goose,ASY,M,2,12,2019,300,JK,GLWA,Rocket Net,NA,NA,NA,NA,NA,NA,N,N,N,NA,NA,15:00,,,Spring
2197-85290,1,LSGO,Lesser Snow Goose,ASY,M,2,12,2019,300,JK,GLWA,Rocket Net,NA,NA,NA,NA,NA,NA,N,N,N,NA,NA,15:00,,,Spring
2197-85291,1,LSGO,Lesser Snow Goose,SY,F,3,12,2019,300,JK,COLNWR,Rocket Net,NA,NA,NA,NA,NA,NA,N,N,N,NA,NA,12:00,,,Spring
2197-85292,1,LSGO,Lesser Snow Goose,SY,F,3,12,2019,300,JK,COLNWR,Rocket Net,NA,NA,NA,NA,NA,NA,N,N,N,NA,NA,12:00,,,Spring
2197-85293,1,LSGO,Lesser Snow Goose,SY,M,3,12,2019,300,JK,COLNWR,Rocket Net,NA,NA,NA,NA,NA,NA,N,N,N,NA,NA,12:00,,,Spring
2197-85294,1,LSGO,Lesser Snow Goose,ASY,M,3,12,2019,319,JK,COLNWR,Rocket Net,445,2400,74.49,59.03,27.69,33.1,Y,Y,Y,UCD19-124,NA,12:00,180955,80F,Spring
2197-85295,1,LSGO,Lesser Snow Goose,ASY,M,3,12,2019,319,JK,COLNWR,Rocket Net,430,2258,80.92,58.39,26.93,31.36,Y,Y,Y,UCD19-125,NA,12:00,171631,80F,Spring
2197-85296,1,LSGO,Lesser Snow Goose,ASY,M,3,12,2019,319,JK,COLNWR,Rocket Net,426,2172,83.4,58.95,26.93,31.67,Y,Y,Y,UCD19-126,NA,12:00,171620,80F,Spring
2197-85297,1,LSGO,Lesser Snow Goose,ASY,M,3,12,2019,319,JK,COLNWR,Rocket Net,436,2316,83.21,56.57,27.46,30.57,Y,Y,Y,UCD19-127,NA,12:00,171628,80F,Spring
2197-85298,1,LSGO,Lesser Snow Goose,ASY,F,3,12,2019,300,JK,COLNWR,Rocket Net,NA,NA,NA,NA,NA,NA,N,N,N,NA,NA,12:00,,,Spring
2197-85299,1,LSGO,Lesser Snow Goose,ASY,F,3,12,2019,300,JK,COLNWR,Rocket Net,NA,NA,NA,NA,NA,NA,N,N,N,NA,NA,12:00,,,Spring
2197-85300,1,LSGO,Lesser Snow Goose,ASY,F,3,12,2019,300,JK,COLNWR,Rocket Net,NA,NA,NA,NA,NA,NA,N,N,N,NA,NA,12:00,,,Spring
2197-85301,1,LSGO,Lesser Snow Goose,ASY,F,3,12,2019,300,JK,COLNWR,Rocket Net,NA,NA,NA,NA,NA,NA,N,N,N,NA,NA,12:00,,,Spring
2197-85302,1,ROGO,Ross's Goose,ASY,M,3,12,2019,319,JK,COLNWR,Rocket Net,388,1396,69.9,43.44,22.4,26.16,Y,Y,Y,UCD19-128,NA,12:00,180935,80F,Spring
2197-85303,1,ROGO,Ross's Goose,ASY,M,3,12,2019,319,JK,COLNWR,Rocket Net,387,1610,75.85,43.48,23.22,29.92,Y,Y,Y,UCD19-129,NA,12:00,180941,80F,Spring
2197-85304,1,ROGO,Ross's Goose,ASY,M,3,12,2019,319,JK,COLNWR,Rocket Net,378,1352,68.59,41.47,20.35,24.17,Y,Y,Y,UCD19-130,NA,12:00,180949,80F,Spring
2197-85305,1,ROGO,Ross's Goose,ASY,M,3,12,2019,319,JK,COLNWR,Rocket Net,386,1462,68.67,43.55,22.03,24.71,Y,Y,Y,UCD19-131,NA,12:00,180936,80F,Spring
2197-85306,1,ROGO,Ross's Goose,ASY,F,3,12,2019,319,JK,COLNWR,Rocket Net,345,1114,62.33,39.22,18.94,21.53,Y,Y,Y,UCD19-133,NA,12:00,DRIB35,80B,Spring
2197-85307,1,ROGO,Ross's Goose,ASY,F,3,12,2019,319,JK,COLNWR,Rocket Net,368,1302,67.83,37.36,19.23,21.24,Y,Y,Y,UCD19-134,NA,12:00,SAKR17,80B,Spring
2197-85308,1,ROGO,Ross's Goose,ASY,F,3,12,2019,319,JK,COLNWR,Rocket Net,384,1290,59.98,37.96,21,23.17,Y,Y,Y,UCD19-135,NA,12:00,DRIB72,80B,Spring
2197-45043,1,ROGO,Ross's Goose,ASY,M,3,12,2019,319,JK,COLNWR,Rocket Net,389,1506,70.82,42.48,25.08,26.33,Y,Y,Y,UCD19-132,NA,12:00,182122,80B,Spring
1277-13651,1,ROGO,Ross's Goose,ASY,F,3,12,2019,300,JK,COLNWR,Rocket Net,362,1326,66.07,38.22,21.78,21.47,N,N,N,NA,NA,12:00,,,Spring
2197-85309,1,GWFG,Greater White-fronted Goose,ASY,M,3,15,2019,380,JK,HAHN,Rocket Net,436,2630,74.66,50.86,24.28,24.08,Y,N,N,NA,NA,8:15,182105,80F,Spring
2197-85310,1,GWFG,Greater White-fronted Goose,SY,F,3,15,2019,300,JK,HAHN,Rocket Net,NA,NA,NA,NA,NA,NA,N,N,N,NA,NA,8:15,,,Spring
2197-85311,1,LSGO,Lesser Snow Goose,SY,F,3,15,2019,300,JK,COLNWR,Rocket Net,NA,NA,NA,NA,NA,NA,N,N,N,NA,NA,16:00,,,Spring
2197-85312,1,LSGO,Lesser Snow Goose,SY,M,3,15,2019,300,JK,COLNWR,Rocket Net,NA,NA,NA,NA,NA,NA,N,N,N,NA,NA,16:00,,,Spring
2197-85313,1,LSGO,Lesser Snow Goose,SY,F,3,15,2019,300,JK,COLNWR,Rocket Net,NA,NA,NA,NA,NA,NA,N,N,N,NA,NA,16:00,,,Spring
2197-85314,1,LSGO,Lesser Snow Goose,ASY,M,3,15,2019,300,JK,COLNWR,Rocket Net,456,2426,86.59,62.18,24.26,30.9,N,N,N,NA,NA,16:00,,,Spring
2197-85315,1,LSGO,Lesser Snow Goose,ASY,M,3,15,2019,300,JK,COLNWR,Rocket Net,426,1992,81.26,58.17,24.26,30.04,N,N,N,NA,NA,16:00,,,Spring
2197-85316,1,LSGO,Lesser Snow Goose,ASY,F,3,15,2019,380,JK,COLNWR,Rocket Net,418,2220,82.08,58.13,23.58,29.5,Y,N,N,NA,NA,16:00,182114,80F,Spring
2197-85317,1,LSGO,Lesser Snow Goose,ASY,F,3,15,2019,380,JK,COLNWR,Rocket Net,405,1830,81.17,55.06,25.3,27.74,Y,N,N,NA,NA,16:00,180953,80F,Spring
2197-85318,1,ROGO,Ross's Goose,ASY,F,3,15,2019,380,JK,COLNWR,Rocket Net,353,1284,63.01,35.5,18.67,21.92,Y,N,N,NA,NA,16:00,182113,80F,Spring
2197-85319,1,ROGO,Ross's Goose,ASY,F,3,15,2019,380,JK,COLNWR,Rocket Net,363,1232,66.23,38.47,19.22,22.26,Y,N,N,NA,NA,16:00,182123,80F,Spring
2197-85320,1,ROGO,Ross's Goose,ASY,F,3,15,2019,380,JK,COLNWR,Rocket Net,350,1386,66.4,40.51,21,22,Y,N,N,NA,NA,16:00,182121,80F,Spring
2197-85321,1,ROGO,Ross's Goose,ASY,F,3,15,2019,380,JK,COLNWR,Rocket Net,365,1286,65.87,40.23,21.49,23.17,Y,N,N,NA,NA,16:00,180938,80F,Spring
2197-85322,1,ROGO,Ross's Goose,ASY,F,3,15,2019,380,JK,COLNWR,Rocket Net,355,1234,68.48,41.57,19.28,21.53,Y,N,N,NA,NA,16:00,182127,80F,Spring
2197-85323,1,ROGO,Ross's Goose,ASY,F,3,15,2019,380,JK,COLNWR,Rocket Net,362,1278,68.81,40.25,19.24,20.77,Y,N,N,NA,NA,16:00,171639,80F,Spring
2197-85324,1,ROGO,Ross's Goose,ASY,F,3,15,2019,380,JK,COLNWR,Rocket Net,357,1388,71.5,42.8,21.15,24.14,Y,N,N,NA,NA,16:00,182125,80F,Spring
2197-85325,1,ROGO,Ross's Goose,ASY,M,3,15,2019,300,JK,COLNWR,Rocket Net,362,1398,66.19,41.43,22.78,22.06,N,N,N,NA,NA,16:00,,,Spring
2197-85326,1,ROGO,Ross's Goose,ASY,M,3,15,2019,300,JK,COLNWR,Rocket Net,384,1434,71.79,41.79,20.41,24.53,N,N,N,NA,NA,16:00,,,Spring
2197-85327,1,ROGO,Ross's Goose,ASY,M,3,15,2019,300,JK,COLNWR,Rocket Net,386,1416,71.53,44.21,20.86,25.08,N,N,N,NA,NA,16:00,,,Spring
2197-85328,1,ROGO,Ross's Goose,ASY,M,3,15,2019,300,JK,COLNWR,Rocket Net,381,1372,66.93,40.4,22.19,23.96,N,N,N,NA,NA,16:00,,,Spring
2197-85329,1,ROGO,Ross's Goose,ASY,M,3,15,2019,300,JK,COLNWR,Rocket Net,368,1498,71.75,39.58,19.95,22.06,N,N,N,NA,NA,16:00,,,Spring
2197-85343,1,LSGO,Lesser Snow Goose,ASY,M,7,25,2019,380,AM,COLVILLE,Molt Drive,245,2470,82.87,59.51,na,na,Y,N,N,na,na,13:15,171621,80F,Summer
2197-85344,1,LSGO,Lesser Snow Goose,ASY,M,7,25,2019,380,AM,COLVILLE,Molt Drive,254,2085,78.49,55.04,na,na,Y,N,N,na,na,13:15,171623,80F,Summer
2197-85345,1,LSGO,Lesser Snow Goose,ASY,M,7,25,2019,380,AM,COLVILLE,Molt Drive,272,2501,85.93,60.15,na,na,Y,N,N,na,na,13:15,171612,80F,Summer
2197-85346,1,LSGO,Lesser Snow Goose,ASY,F,7,25,2019,380,AM,COLVILLE,Molt Drive,255,2172,86.35,53.73,na,na,Y,N,N,na,na,20:54,191738,80F,Summer
2197-85347,1,LSGO,Lesser Snow Goose,ASY,F,7,25,2019,380,AM,COLVILLE,Molt Drive,231,1807,76.3,50.86,na,na,Y,N,N,na,na,20:54,191739,80F,Summer
2197-85348,1,LSGO,Lesser Snow Goose,ASY,F,7,25,2019,380,AM,COLVILLE,Molt Drive,295,1836,80.14,55.22,na,na,Y,N,N,na,na,20:54,191741,80F,Summer
2197-85349,1,LSGO,Lesser Snow Goose,ASY,F,7,25,2019,380,AM,COLVILLE,Molt Drive,311,2047,80.13,59.48,na,na,Y,N,N,na,na,20:54,182965,80F,Summer
2197-85350,1,LSGO,Lesser Snow Goose,ASY,F,7,25,2019,380,AM,COLVILLE,Molt Drive,256,1672,80.99,51.17,na,na,Y,N,N,na,na,20:54,171640,80F,Summer
2197-85351,1,LSGO,Lesser Snow Goose,ASY,F,7,25,2019,380,AM,COLVILLE,Molt Drive,264,1750,79.07,59.99,na,na,Y,N,N,na,na,20:54,180961,80F,Summer
2197-85352,1,LSGO,Lesser Snow Goose,ASY,M,7,27,2019,380,AM,COLVILLE,Molt Drive,258,2192,85.92,61.99,na,na,Y,N,N,na,na,15:00,191742,80F,Summer
2197-85353,1,LSGO,Lesser Snow Goose,ASY,M,7,27,2019,380,AM,COLVILLE,Molt Drive,311,2355,84.79,64.99,na,na,Y,N,N,na,na,15:00,171635,80F,Summer
2197-85354,1,LSGO,Lesser Snow Goose,ASY,M,7,27,2019,380,AM,COLVILLE,Molt Drive,273,1938,81.51,56.36,na,na,Y,N,N,na,na,15:00,191740,80F,Summer
2197-85355,1,LSGO,Lesser Snow Goose,ASY,M,7,27,2019,380,AM,COLVILLE,Molt Drive,299,2041,81.7,60.04,na,na,Y,N,N,na,na,15:00,180948,80F,Summer
2197-85331,1,LSGO,Lesser Snow Goose,AHY,M,7,29,2019,380,CN,Ikpikpuk,Molt Drive,224,2263,99.41,59.08,27.34,37.75,Y,N,N,na,na,,191726,80F,Summer
2197-85332,1,LSGO,Lesser Snow Goose,AHY,M,7,29,2019,380,CN,Ikpikpuk,Molt Drive,312,2340,101.47,57.96,25.15,38.51,Y,N,N,na,na,,191727,80F,Summer
2197-85333,1,LSGO,Lesser Snow Goose,AHY,F,7,29,2019,380,CN,Ikpikpuk,Molt Drive,240,1702,85.54,51.47,22.69,29.7,Y,N,N,na,na,,191728,80F,Summer
2197-85334,1,LSGO,Lesser Snow Goose,AHY,F,7,29,2019,380,CN,Ikpikpuk,Molt Drive,255,2104,96.41,56.64,26.77,34.82,Y,N,N,na,na,,191729,80F,Summer
2197-85335,1,LSGO,Lesser Snow Goose,AHY,F,7,29,2019,380,CN,Ikpikpuk,Molt Drive,275,1980,90.79,59.12,25.19,34.73,Y,N,N,na,na,,191730,80F,Summer
2197-85336,1,LSGO,Lesser Snow Goose,AHY,M,7,29,2019,380,CN,Ikpikpuk,Molt Drive,359,2294,101.07,56.51,25.79,35.42,Y,N,N,na,na,,191731,80F,Summer
2197-85337,1,LSGO,Lesser Snow Goose,AHY,M,7,29,2019,380,CN,Ikpikpuk,Molt Drive,316,2174,100.06,62.26,26.95,38.35,Y,N,N,na,na,,191732,80F,Summer
2197-85338,1,LSGO,Lesser Snow Goose,AHY,M,7,29,2019,380,CN,Ikpikpuk,Molt Drive,270,2150,98.08,58.1,24.73,37.28,Y,N,N,na,na,,191733,80F,Summer
2197-85339,1,LSGO,Lesser Snow Goose,AHY,F,7,29,2019,380,CN,Ikpikpuk,Molt Drive,253,1632,89.1,53.14,25.03,34.03,Y,N,N,na,na,,191734,80F,Summer
2197-85340,1,LSGO,Lesser Snow Goose,AHY,F,7,29,2019,380,CN,Ikpikpuk,Molt Drive,255,1849,90.72,54.81,25.76,33.11,Y,N,N,na,na,,191735,80F,Summer
2197-85341,1,LSGO,Lesser Snow Goose,AHY,M,7,30,2019,380,CN,Ikpikpuk,Molt Drive,264,2375,97.66,61.66,26.39,37.62,Y,N,N,na,na,,191736,80F,Summer
2197-85342,1,LSGO,Lesser Snow Goose,AHY,M,7,30,2019,380,CN,Ikpikpuk,Molt Drive,354,2522,100.93,59.8,27.97,39.08,Y,N,N,na,na,,191737,80F,Summer
2197-85330,1,LSGO,Lesser Snow Goose,AHY,F,7,30,2019,380,CN,Ikpikpuk,Molt Drive,281,2034,92.13,52.97,24.64,33.79,Y,N,N,na,na,,191725,80F,Summer
2197-82911,1,LSGO,Lesser Snow Goose,ASY,M,7,22,2019,380,ER,BANKSISL,Molt Drive,,,,,,,Y,N,N,na,na,,191750,80F,Summer
2197-82912,1,LSGO,Lesser Snow Goose,ASY,F,7,23,2019,380,ER,BANKSISL,Molt Drive,,,,,,,Y,N,N,na,na,,191745,80F,Summer
2197-82913,1,LSGO,Lesser Snow Goose,ASY,F,7,23,2019,380,ER,BANKSISL,Molt Drive,,,,,,,Y,N,N,na,na,,191748,80F,Summer
2197-82914,1,LSGO,Lesser Snow Goose,ASY,M,7,23,2019,380,ER,BANKSISL,Molt Drive,,,,,,,Y,N,N,na,na,,191744,80F,Summer
2197-82915,1,LSGO,Lesser Snow Goose,ASY,M,7,23,2019,380,ER,BANKSISL,Molt Drive,,,,,,,Y,N,N,na,na,,191746,80F,Summer
2197-82916,1,LSGO,Lesser Snow Goose,ASY,M,7,23,2019,380,ER,BANKSISL,Molt Drive,,,,,,,Y,N,N,na,na,,191747,80F,Summer
2197-82917,1,LSGO,Lesser Snow Goose,ASY,M,7,23,2019,380,ER,BANKSISL,Molt Drive,,,,,,,Y,N,N,na,na,,191749,80F,Summer
2197-82918,1,LSGO,Lesser Snow Goose,ASY,M,7,23,2019,380,ER,BANKSISL,Molt Drive,,,,,,,Y,N,N,na,na,,182121,80F,Summer
2197-82919,1,LSGO,Lesser Snow Goose,ASY,F,7,23,2019,380,ER,BANKSISL,Molt Drive,,,,,,,Y,N,N,na,na,,180944,80F,Summer
2197-82920,1,LSGO,Lesser Snow Goose,ASY,M,7,23,2019,380,ER,BANKSISL,Molt Drive,,,,,,,Y,N,N,na,na,,191755,80F,Summer
2197-82921,1,LSGO,Lesser Snow Goose,ASY,F,7,23,2019,380,ER,BANKSISL,Molt Drive,,,,,,,Y,N,N,na,na,,180943,80F,Summer
2197-82922,1,LSGO,Lesser Snow Goose,ASY,M,7,23,2019,380,ER,BANKSISL,Molt Drive,,,,,,,Y,N,N,na,na,,191753,80F,Summer
2197-82923,1,LSGO,Lesser Snow Goose,ASY,F,7,24,2019,380,ER,BANKSISL,Molt Drive,,,,,,,Y,N,N,na,na,,191743,80F,Summer
2197-82924,1,LSGO,Lesser Snow Goose,ASY,F,7,24,2019,380,ER,BANKSISL,Molt Drive,,,,,,,Y,N,N,na,na,,180950,80F,Summer
2197-82925,1,LSGO,Lesser Snow Goose,ASY,M,7,24,2019,380,ER,BANKSISL,Molt Drive,,,,,,,Y,N,N,na,na,,180954,80F,Summer
2197-82926,1,LSGO,Lesser Snow Goose,ASY,M,7,24,2019,380,ER,BANKSISL,Molt Drive,,,,,,,Y,N,N,na,na,,182111,80F,Summer
2197-82927,1,LSGO,Lesser Snow Goose,ASY,M,7,24,2019,380,ER,BANKSISL,Molt Drive,,,,,,,Y,N,N,na,na,,182112,80F,Summer
2197-82928,1,LSGO,Lesser Snow Goose,ASY,F,7,24,2019,380,ER,BANKSISL,Molt Drive,,,,,,,Y,N,N,na,na,,180942,80F,Summer
2197-82929,1,LSGO,Lesser Snow Goose,ASY,M,7,24,2019,380,ER,BANKSISL,Molt Drive,,,,,,,Y,N,N,na,na,,180947,80F,Summer
2197-82930,1,LSGO,Lesser Snow Goose,ASY,M,7,26,2019,380,ER,BANKSISL,Molt Drive,,,,,,,Y,N,N,na,na,,191754,80F,Summer
2197-82932,1,LSGO,Lesser Snow Goose,ASY,M,7,26,2019,380,ER,BANKSISL,Molt Drive,,,,,,,Y,N,N,na,na,,191751,80F,Summer
2197-82933,1,LSGO,Lesser Snow Goose,ASY,M,7,26,2019,380,ER,BANKSISL,Molt Drive,,,,,,,Y,N,N,na,na,,191752,80F,Summer
2197-82934,1,LSGO,Lesser Snow Goose,ASY,F,7,26,2019,380,ER,BANKSISL,Molt Drive,,,,,,,Y,N,N,na,na,,182127,80F,Summer
2197-82935,1,LSGO,Lesser Snow Goose,ASY,M,7,26,2019,380,ER,BANKSISL,Molt Drive,,,,,,,Y,N,N,na,na,,182126,80F,Summer
2197-82936,1,LSGO,Lesser Snow Goose,ASY,F,7,26,2019,380,ER,BANKSISL,Molt Drive,,,,,,,Y,N,N,na,na,,182115,80F,Summer